"ID","site","width","length","l_w_index","area","percent_area","contour_length","area_contour_ratio","position_longest_extend","position_widest_extend","length_lower_part","relative_length_lower_part","length_upper_part","relative_length_upper_part","upper_to_lower_ratio","width_left_part","relative_width_left_part","width_right_part","relative_width_right_part","left_to_right_ratio","tip_angle","MP_CM_x_offset","MP_CM_y_offset","FD"
"AggsbachB_01_01","AggsbachB",8,32,4,216,74,78,276,4,2,12.5,39,20.4,63,1.6,5.3,66,3.4,42,1.6,57,0.2,-0.5,1.94121712012514
"AggsbachB_01_02","AggsbachB",8,56,7,386,81,132,292,4,4,42.5,75,14.2,25,0.3,4.9,61,3.3,41,1.5,71,0.1,0.1,1.88209730240677
"AggsbachB_01_03","AggsbachB",5,27,5.4,129,81,67,192,3,2,9,33,18.6,68,2.1,3,60,2.9,58,1,48,0.1,-0.7,1.86784566328232
"AggsbachB_01_04","AggsbachB",7,31,4.4,193,77,76,253,3,2,11.2,36,20.7,66,1.8,4.1,57,3.6,51,1.1,55,0.1,-0.5,1.91863429979234
"AggsbachB_01_05","AggsbachB",5,27,5.4,109,75,60,181,3,2,8,29,19.5,72,2.4,2.9,58,2.4,47,1.2,38,0.2,-0.6,1.93351856537537
"AggsbachB_01_06","AggsbachB",6,35,5.8,184,76,82,224,4,3,16.1,46,19.2,54,1.2,4.2,69,2.5,42,1.6,51,0.1,-0.5,1.96677533195846
"AggsbachB_01_07","AggsbachB",6,31,5.2,163,80,75,217,4,3,14.1,45,17.6,56,1.3,4,66,2.5,40,1.6,57,0.1,-0.2,1.9632761938271
"AggsbachB_01_08","AggsbachB",6,26,4.3,123,76,62,198,4,2,9.1,34,17.2,66,1.9,3.7,61,2.5,40,1.5,49,0.1,-0.5,1.88244373515024
"AggsbachB_01_09","AggsbachB",7,37,5.3,224,76,86,260,3,2,9.2,24,28.1,75,3,3.7,52,3.6,51,1,41,0.3,-1.2,1.99335567502453
"AggsbachB_01_10","AggsbachB",6,39,6.5,214,83,93,230,3,3,21,53,18.7,47,0.9,3.3,55,3.3,55,1,53,0.1,0.1,1.95247434514985
"AggsbachB_01_11","AggsbachB",8,26,3.2,158,72,64,246,4,3,12.5,48,14.3,55,1.1,5.3,66,2.7,34,1.9,74,0.5,-0.1,1.92293843372257
"AggsbachB_01_12","AggsbachB",7,32,4.6,174,70,73,238,3,4,20.3,63,12.2,38,0.6,4.2,60,3.1,44,1.4,61,0,0.1,1.91284507940688
"AggsbachB_01_13","AggsbachB",8,38,4.8,231,78,93,248,4,2,12.1,31,25.9,68,2.1,6.3,79,2,24,3.2,43,0,-1.3,1.99101186111927
"AggsbachB_01_14","AggsbachB",8,37,4.6,252,82,91,276,3,3,15.4,41,22.4,60,1.5,4.5,56,3.9,48,1.2,44,0.1,-1.8,1.99928958796774
"AggsbachB_01_15","AggsbachB",10,31,3.1,229,69,78,293,3,2,9.6,31,22.2,71,2.3,5.5,54,4.8,48,1.1,47,0.3,-1.9,1.96810939344641
"AggsbachB_01_16","AggsbachB",6,30,5,157,74,72,218,3,1,5.8,19,24.9,83,4.3,3.8,62,3,50,1.2,38,0.4,-1.1,1.89839934698295
"AggsbachB_01_17","AggsbachB",9,36,4,257,68,85,302,3,2,9.5,26,27.5,76,2.9,5,55,4.8,53,1,41,0,-1.6,1.96517066759404
"AggsbachB_01_18","AggsbachB",9,50,5.6,368,77,121,304,3,1,7.5,15,43.1,86,5.7,5,55,4.7,52,1.1,29,0.1,-2.9,1.89581574308865
"AggsbachB_01_19","AggsbachB",7,35,5,220,83,84,261,4,3,19.9,56,15.5,44,0.8,4.4,63,3,43,1.5,73,0.2,0,1.98432572033851
"AggsbachB_01_20","AggsbachB",8,32,4,201,75,77,261,3,2,11.6,36,20.9,65,1.8,4,49,4.2,51,1,53,-0.1,-0.9,1.92851001779544
"BorsiceChrastka_01_01","BorsiceChrastka",20,74,3.7,1256,67,182,690,2,3,40.9,55,33.2,44,0.8,5.7,28,15.1,75,0.4,77,-0.8,0.3,1.94073788358661
"BorsiceChrastka_01_02","BorsiceChrastka",20,66,3.3,982,70,168,584,4,4,43.7,66,22.4,33,0.5,16.4,81,4.4,21,3.7,64,1.4,0.2,1.91962959030336
"DolniVestonice1_01_01","DolniVestonice1",17,59,3.5,720,66,141,510,3,2,12.8,21,47.2,80,3.7,10.2,59,7,41,1.4,38,0.7,-4.6,1.94551144400697
"DolniVestonice1_01_02","DolniVestonice1",11,35,3.2,284,68,84,338,2,2,8.9,25,26.5,75,3,4.1,37,7.4,67,0.5,40,-0.6,-2.8,1.99883893461333
"DolniVestonice1_01_03","DolniVestonice1",10,36,3.6,286,73,89,321,2,2,11.9,32,25,69,2.1,2,20,8,79,0.3,46,-0.4,-2,1.99884449907168
"DolniVestonice1_01_04","DolniVestonice1",10,42,4.2,313,70,101,309,4,2,15.9,37,26.7,63,1.7,6.5,64,3.7,37,1.8,44,0.2,-1.1,2.00623555902839
"DolniVestonice1_01_05","DolniVestonice1",7,29,4.1,178,72,71,250,2,3,13,44,17,58,1.3,1.7,23,6.3,89,0.3,41,-0.7,-1.5,1.96183140299624
"DolniVestonice1_01_06","DolniVestonice1",14,60,4.3,649,73,139,466,3,3,31.3,52,28.9,48,0.9,7.6,54,6.9,48,1.1,52,-0.2,-1.9,1.91114988430895
"DolniVestonice1_01_07","DolniVestonice1",15,72,4.8,827,75,165,501,3,2,22.4,31,50.2,69,2.2,8,53,7.2,48,1.1,36,-0.4,-3.7,1.98800074194936
"DolniVestonice1_01_08","DolniVestonice1",8,43,5.4,280,71,96,291,3,2,15.6,36,27.6,64,1.8,4.4,55,4.3,53,1,35,0.2,-2.2,1.97767293511721
"DolniVestonice1_01_09","DolniVestonice1",12,58,4.8,599,75,136,440,3,3,23.7,40,35,60,1.5,5.9,49,6.9,57,0.9,47,-0.2,-2,1.89821056069564
"DolniVestonice1_01_10","DolniVestonice1",12,72,6,762,78,163,467,3,2,20,27,52.2,72,2.6,6.7,55,6.3,52,1.1,36,-0.4,-3.7,1.9648900968302
"DolniVestonice1_01_11","DolniVestonice1",14,50,3.6,557,70,126,442,3,2,16.7,33,33.9,67,2,8.5,60,6.5,46,1.3,51,0,-2.2,1.92236690730055
"DolniVestonice1_01_12","DolniVestonice1",13,73,5.6,752,73,163,461,3,3,33.1,45,40.2,55,1.2,6.7,51,7,54,0.9,35,0,-3.3,1.97162419515908
"DolniVestonice1_01_13","DolniVestonice1",11,47,4.3,417,70,110,379,3,3,22.4,47,24.6,52,1.1,6.3,57,5.6,50,1.1,45,0,-2.6,1.88624560589021
"DolniVestonice1_02_01","DolniVestonice1",35,66,1.9,1742,75,177,984,2,3,27.6,41,38.9,58,1.4,12,34,23,65,0.5,82,-0.9,-2.6,1.94130018393386
"DolniVestonice1_02_02","DolniVestonice1",37,63,1.7,1632,67,173,943,3,2,17.4,27,45.7,72,2.6,21.7,58,16.3,44,1.3,77,1.1,-3.5,1.95961600962068
"DolniVestonice1_02_03","DolniVestonice1",25,51,2,980,75,135,725,2,3,22,43,29.3,57,1.3,9.1,36,16.1,64,0.6,83,-0.6,-1.7,1.8840748568302
"DolniVestonice1_02_04","DolniVestonice1",41,57,1.4,1625,66,167,973,3,3,23.7,41,33.3,58,1.4,21.9,53,20,48,1.1,82,0,-3.7,1.93423106344121
"DolniVestonice1_02_05","DolniVestonice1",39,59,1.5,1556,64,165,943,3,2,23.1,39,36.9,62,1.6,20.7,53,19.1,48,1.1,73,0.9,-3.9,1.95534409631294
"DolniVestonice1_02_06","DolniVestonice1",27,57,2.1,1139,65,152,749,3,3,25.4,44,32.6,57,1.3,14.4,53,13,48,1.1,68,0.6,-3.1,1.91473026374763
"DolniVestonice1_02_07","DolniVestonice1",41,87,2.1,2427,63,226,1073,3,2,31.5,36,55.6,63,1.8,21.7,52,19.8,48,1.1,52,-2.2,-5,1.97941987824716
"DolniVestonice1_02_08","DolniVestonice1",32,109,3.4,2948,78,263,1120,3,4,78.7,72,30.7,28,0.4,13.7,42,19.3,60,0.7,89,0.4,-0.7,1.92758460719747
"DolniVestonice1_02_09","DolniVestonice1",22,47,2.1,779,67,124,628,3,2,16.5,35,31.5,66,1.9,11.3,51,11.7,53,1,69,-0.6,-2.2,1.87582003295949
"DolniVestonice1_03_01","DolniVestonice1",15,47,3.1,521,66,113,461,3,2,17.9,38,29.5,62,1.6,8.8,58,6.3,42,1.4,55,0.4,-1.8,1.92086317468487
"DolniVestonice1_03_02","DolniVestonice1",15,39,2.6,444,69,99,448,2,3,19.3,49,20.2,51,1,6,39,9.3,61,0.6,68,-0.4,-1.8,2.07104977439309
"DolniVestonice1_03_03","DolniVestonice1",25,51,2,858,63,133,645,3,2,19.3,37,32.3,63,1.7,13.2,52,12.8,51,1,62,-0.2,-2.8,1.89926242744364
"DolniVestonice1_03_04","DolniVestonice1",23,48,2.1,796,67,128,621,3,3,21.2,44,27,56,1.3,11.8,51,11.9,51,1,77,-0.2,-1.4,1.88680553805275
"DolniVestonice1_03_05","DolniVestonice1",17,51,3,668,72,125,534,3,3,25.4,49,26,50,1,10.2,59,7.5,44,1.3,61,0.7,-1.9,1.93325994684336
"DolniVestonice1_03_06","DolniVestonice1",15,53,3.5,629,72,130,483,4,3,26.5,49,27.4,51,1,10,66,5.4,36,1.8,50,0.4,-2.5,1.93645075436875
"DolniVestonice1_03_07","DolniVestonice1",17,42,2.5,524,68,107,489,2,3,21.9,52,21.1,50,1,5.3,30,11.8,69,0.4,65,-0.7,-1.4,1.93309602658578
"DolniVestonice1_04_01","DolniVestonice1",17,34,2,396,62,93,425,3,2,9.9,29,24.5,72,2.5,7.3,42,10.3,60,0.7,53,-1,-3.1,1.89553697754078
"DolniVestonice1_04_02","DolniVestonice1",10,46,4.6,396,79,107,370,3,3,20.1,43,26.6,57,1.3,5.8,57,4.6,46,1.3,53,-0.3,-1.1,1.96976145938114
"DolniVestonice1_05_01","DolniVestonice1",21,54,2.6,908,72,143,634,4,4,40,74,14.6,27,0.4,16.3,77,4.8,22,3.4,111,0.6,0.7,1.96800362029635
"DolniVestonice1_05_02","DolniVestonice1",32,55,1.7,1268,69,152,834,3,2,21.5,39,34.3,62,1.6,16.9,52,15.2,47,1.1,76,0,-2.8,1.92832977883098
"DolniVestonice1_05_03","DolniVestonice1",19,45,2.4,705,76,123,573,3,2,12.6,27,33.3,74,2.6,10,52,9.1,47,1.1,78,-0.4,-1.3,1.94639802671999
"DolniVestonice1_05_04","DolniVestonice1",28,49,1.8,1219,86,147,829,3,2,16.3,33,33.1,67,2,15.9,56,12.2,43,1.3,167,0,0.2,1.90368936014173
"DolniVestonice1_06_01","DolniVestonice1",13,42,3.2,412,71,105,392,3,2,11.5,27,31.5,74,2.7,5.9,45,7.2,55,0.8,44,-0.2,-2.7,1.93117206126495
"DolniVestonice1_06_02","DolniVestonice1",13,34,2.6,324,70,87,372,3,2,11.8,34,22.7,66,1.9,6.3,48,7,54,0.9,60,0.2,-1.8,2.04027587815884
"DolniVestonice1_07_01","DolniVestonice1",6,35,5.8,189,84,86,219,4,2,9.1,25,26.1,74,2.9,4.4,74,1.7,27,2.7,45,0,-0.2,2.01059781429538
"DolniVestonice1_07_02","DolniVestonice1",9,77,8.6,623,66,180,346,4,4,48.7,63,28.9,37,0.6,9.4,104,0.4,4,25.5,52,0.6,1.3,1.94233363342184
"DolniVestonice1_07_03","DolniVestonice1",6,37,6.2,170,64,84,202,5,2,10,27,27.2,73,2.7,5.6,92,0.9,15,6,24,0.2,-2.8,1.93089970786639
"DolniVestonice1_07_04","DolniVestonice1",5,22,4.4,95,71,52,182,3,3,11.3,51,10.9,49,1,2.8,55,3,59,0.9,78,-0.2,0.2,1.91289765632092
"DolniVestonice1_07_05","DolniVestonice1",5,42,8.4,204,76,103,198,3,2,8.9,21,33.1,78,3.7,1.9,37,3.9,77,0.5,34,0.6,-0.4,1.90121269681063
"DolniVestonice1_07_06","DolniVestonice1",6,32,5.3,168,70,77,218,3,2,9.3,28,23.7,74,2.6,2.8,46,3.5,58,0.8,43,-0.2,-0.6,1.9422504626323
"DolniVestonice1_07_07","DolniVestonice1",11,50,4.5,472,73,122,386,4,4,35.7,71,14.6,29,0.4,8.7,79,3.1,28,2.8,90,0.4,1.1,1.89294405138021
"DolniVestonice1_07_08","DolniVestonice1",7,44,6.3,279,73,103,270,3,2,12.2,27,32.6,74,2.7,3.7,52,3.7,52,1,42,-0.2,-0.4,1.90319305766469
"DolniVestonice1_07_09","DolniVestonice1",4,23,5.8,76,70,52,146,3,2,6.5,28,16.9,73,2.6,1.9,46,2.4,60,0.8,39,-0.2,-0.4,1.87842872604693
"DolniVestonice1_07_10","DolniVestonice1",5,29,5.8,135,73,68,198,5,3,12.6,43,16.5,56,1.3,5.2,103,0.7,14,7,41,0.2,-1.3,1.91410031629692
"DolniVestonice1_07_11","DolniVestonice1",5,34,6.8,177,72,78,226,5,2,9.8,28,24.4,71,2.5,5.6,111,0.4,7,15,43,0,-0.6,1.93696654710478
"DolniVestonice1_07_12","DolniVestonice1",5,50,10,260,87,117,222,3,5,42.8,85,7.2,14,0.2,3.3,66,2.6,51,1.3,108,-0.2,1.1,1.86035315453575
"DolniVestonice1_07_13","DolniVestonice1",8,47,5.9,330,76,108,305,3,1,6.7,14,40.7,86,6.1,3.9,48,4.4,55,0.9,37,-0.2,-0.2,1.91773423764759
"DolniVestonice1_07_14","DolniVestonice1",6,27,4.5,133,76,65,204,3,4,18.7,69,8.7,32,0.5,3,49,3.1,52,0.9,94,-0.2,0.6,1.91563125679177
"DolniVestonice1_07_15","DolniVestonice1",5,25,5,104,71,59,176,4,2,7.6,30,17.4,69,2.3,3.5,70,1.9,37,1.9,52,0.2,-0.4,1.90399456414108
"DolniVestonice1_07_16","DolniVestonice1",5,33,6.6,156,74,74,210,4,2,8,24,25.2,76,3.2,3.5,70,2,40,1.7,41,0,0,1.9194674808162
"DolniVestonice1_08_01","DolniVestonice1",8,40,5,270,66,96,281,3,4,26.9,67,14.1,35,0.5,4.3,53,3.9,48,1.1,86,-0.4,1.5,1.99652558896265
"DolniVestonice1_08_02","DolniVestonice1",8,30,3.8,216,83,73,295,3,2,11.1,37,19.4,64,1.8,5,62,3.7,46,1.4,74,-0.2,0.4,1.96341181800862
"DolniVestonice1_08_03","DolniVestonice1",10,53,5.3,440,78,127,346,3,1,9.6,18,44.1,83,4.6,4.3,42,5.7,57,0.7,41,-0.6,-1.3,1.93321079017068
"DolniVestonice1_08_04","DolniVestonice1",4,22,5.5,78,70,49,159,3,3,10.7,48,11.3,51,1.1,1.9,46,2.8,69,0.7,55,-0.2,-0.2,1.88508401704764
"DolniVestonice1_08_05","DolniVestonice1",6,32,5.3,169,73,74,228,4,4,22.6,70,10.4,32,0.5,4.6,77,2,33,2.3,70,0.2,0,1.93133935983118
"DolniVestonice1_08_06","DolniVestonice1",8,31,3.9,221,80,81,272,4,2,10.4,33,20.9,67,2,6.1,76,2.2,27,2.8,65,0.2,0.6,1.97119663989055
"DolniVestonice1_08_07","DolniVestonice1",8,57,7.1,427,83,134,318,3,3,24.4,42,33,57,1.3,4.6,57,4.3,53,1.1,46,0,-0.4,1.90263683878135
"DolniVestonice1_08_08","DolniVestonice1",6,30,5,151,77,74,204,3,3,13,43,17.8,59,1.4,3,49,3.3,55,0.9,58,-0.4,0.6,1.91960588857102
"DolniVestonice1_08_09","DolniVestonice1",7,36,5.1,231,81,88,262,2,3,20,55,16.5,45,0.8,2.2,31,5,71,0.4,71,-0.2,0,1.95120927064952
"DolniVestonice1_08_10","DolniVestonice1",8,41,5.1,304,84,101,300,3,3,21.5,52,19.6,47,0.9,5,62,3.9,48,1.3,73,-0.2,0.6,1.9693077171564
"DolniVestonice1_08_11","DolniVestonice1",7,36,5.1,210,77,84,250,4,3,15.7,43,20.9,58,1.3,5.6,79,2,29,2.7,48,0.6,-0.7,1.94304531108882
"DolniVestonice1_08_12","DolniVestonice1",10,90,9,761,71,199,382,2,2,34.1,37,56.7,62,1.7,3,29,7,70,0.4,32,-0.4,-0.7,1.94486028827247
"DolniVestonice1_08_13","DolniVestonice1",5,20,4,75,71,45,166,3,2,5,25,15.2,75,3,2.4,48,2.6,51,0.9,48,-0.2,-0.4,1.89350925992173
"DolniVestonice1_08_14","DolniVestonice1",8,38,4.8,265,79,95,278,4,3,20.7,54,18,47,0.9,5.4,67,3,37,1.8,79,0.2,1.3,1.96913598846464
"DolniVestonice1_08_15","DolniVestonice1",8,42,5.2,294,79,103,285,2,4,25.7,61,17,40,0.7,2,25,6.1,76,0.3,68,-0.7,-0.6,1.96154494861185
"DolniVestonice1_09_01","DolniVestonice1",16,78,4.9,1063,74,183,580,4,1,11.7,14,67,85,5.7,9.1,56,7,43,1.3,43,-0.6,-1.7,1.94325740456642
"DolniVestonice1_09_02","DolniVestonice1",18,76,4.2,1012,63,174,581,4,3,38.3,50,38,49,1,14.4,80,3.9,21,3.7,46,0.6,-1.3,1.97415886706313
"DolniVestonice1_09_03","DolniVestonice1",27,57,2.1,950,59,148,641,4,2,17,29,40,70,2.3,18.5,68,9.1,33,2,50,1.7,-4.8,1.90102435845678
"DolniVestonice1_09_04","DolniVestonice1",18,84,4.7,1156,63,201,575,3,1,10.4,12,73.9,87,7.1,8.3,46,10.6,58,0.8,38,-0.4,-4.1,1.97257144761158
"DolniVestonice1_09_05","DolniVestonice1",19,83,4.4,1243,80,200,621,3,3,39.8,47,43.9,52,1.1,9.8,51,9.3,48,1.1,49,0,-3,1.94317413568624
"DolniVestonice1_09_06","DolniVestonice1",27,88,3.3,1861,71,213,873,3,2,19.6,22,68.5,77,3.5,15.4,56,12.2,45,1.3,54,-0.4,-3.3,2.03096082995303
"DolniVestonice1_10_01","DolniVestonice1_10",23,70,3,1137,64,172,661,3,2,17.4,24,53.3,76,3.1,13.9,60,9.8,42,1.4,46,-0.9,-4.3,1.97797875938097
"DolniVestonice1_10_02","DolniVestonice1_10",37,81,2.2,2199,73,218,1008,3,2,17.4,21,64.4,79,3.7,19.3,52,17.8,48,1.1,61,0.7,-6.1,2.04865481968213
"DolniVestonice1_10_03","DolniVestonice1_10",22,54,2.5,756,62,141,536,2,3,25.6,47,29.1,53,1.1,5,22,17,77,0.3,50,-0.6,-2,1.95883338076246
"DolniVestonice1_10_04","DolniVestonice1_10",22,94,4.3,1672,75,216,774,3,2,29.1,30,65.2,69,2.2,11.7,53,11.3,51,1,47,0.2,-2.6,1.87650461784339
"DolniVestonice1_10_05","DolniVestonice1_10",12,52,4.3,510,74,120,425,3,3,28.7,55,23.5,45,0.8,6.9,57,5.9,49,1.2,64,0.4,0,1.89906836206007
"DolniVestonice1_10_06","DolniVestonice1_10",23,96,4.2,1652,71,223,740,3,3,46.9,48,49.6,51,1.1,11.7,50,11.9,51,1,45,-0.2,-3.9,1.87846783067433
"DolniVestonice1_10_07","DolniVestonice1_10",44,110,2.5,3482,58,283,1230,4,3,51.5,46,59.1,53,1.1,32.4,73,12.2,27,2.7,69,1.9,-4.4,1.98533596958889
"DolniVestonice1_10_08","DolniVestonice1_10",21,57,2.7,915,72,143,639,4,3,33.7,59,23.9,41,0.7,14.1,67,7.6,36,1.9,69,0.6,-1.1,1.95829663661423
"DolniVestonice1_10_09","DolniVestonice1_10",27,144,5.3,3206,78,343,934,3,4,95.7,66,48.9,33,0.5,13.7,50,13.7,50,1,79,0.4,0.2,1.95209530904376
"DolniVestonice1_10_10","DolniVestonice1_10",14,51,3.6,615,80,125,492,2,4,35.7,70,15.4,30,0.4,3.5,25,11.1,79,0.3,73,-0.6,-1.9,1.91413899521858
"GrubKranawetberg_01_01","GrubKranawetberg",5,27,5.4,114,66,65,175,4,3,14.9,55,12.8,47,0.9,4.2,84,1.4,28,3,50,0.2,-0.2,1.91831313862341
"GrubKranawetberg_01_02","GrubKranawetberg",8,38,4.8,209,57,89,234,4,2,15.3,40,23.7,62,1.6,6,74,2.8,35,2.1,44,0.7,0.5,1.99702136115691
"GrubKranawetberg_01_03","GrubKranawetberg",13,48,3.7,463,69,116,399,3,3,26.1,54,22.5,46,0.9,6.1,47,7,53,0.9,47,-0.4,-0.9,1.90934639946362
"GrubKranawetberg_01_04","GrubKranawetberg",5,26,5.2,107,68,61,175,4,3,14,53,12.3,47,0.9,4,80,1.4,28,2.9,58,0.2,0.2,1.92282457080839
"GrubKranawetberg_01_05","GrubKranawetberg",4,31,7.8,111,76,70,158,4,3,17.9,57,13.7,44,0.8,2.8,70,1.6,39,1.8,42,0.2,0,1.96740081259129
"GrubKranawetberg_01_06","GrubKranawetberg",7,43,6.1,227,66,96,236,3,3,20.5,47,22.6,52,1.1,3.5,50,3.9,55,0.9,31,-0.2,-1.8,1.90319305766469
"GrubKranawetberg_01_07","GrubKranawetberg",6,33,5.5,149,71,75,198,5,3,15.6,47,17.5,53,1.1,5.3,87,0.9,14,6,41,0.5,0,1.91902393976145
"GrubKranawetberg_01_08","GrubKranawetberg",6,34,5.7,164,68,76,215,4,3,14.9,43,19.1,56,1.3,4.9,81,1.4,23,3.5,43,0.2,-0.4,1.9456011714857
"GrubKranawetberg_01_09","GrubKranawetberg",6,45,7.5,220,68,103,213,4,3,18.2,40,27.2,60,1.5,4.4,73,2.5,40,1.8,30,-0.2,-0.9,1.88096076087201
"GrubKranawetberg_01_10","GrubKranawetberg",5,32,6.4,136,66,75,181,4,3,18.2,57,14.4,44,0.8,3.9,77,2.1,42,1.8,49,0,0,1.92123452913872
"GrubKranawetberg_01_11","GrubKranawetberg",5,38,7.6,170,76,84,202,4,2,12.3,32,26.1,68,2.1,3.7,73,1.9,38,1.9,34,0.2,-0.2,2.00083763640267
"GrubKranawetberg_01_12","GrubKranawetberg",4,38,9.5,129,65,84,153,4,3,19.1,50,19.5,51,1,3.7,92,0.9,21,4.2,32,0,-0.4,1.97938714813626
"GrubKranawetberg_01_13","GrubKranawetberg",5,34,6.8,145,71,81,179,2,3,14.4,42,20.5,60,1.4,1.8,35,3.9,77,0.5,40,-0.2,0.2,2.0068691509029
"GrubKranawetberg_01_14","GrubKranawetberg",5,35,7,132,66,78,169,4,2,7.5,21,28.1,80,3.7,3,59,2.1,42,1.4,25,0,-1.2,2.00029634813922
"GrubKranawetberg_01_15","GrubKranawetberg",5,21,4.2,85,73,50,170,2,3,12.6,60,8.8,41,0.7,1.1,21,4,80,0.3,69,-0.4,-0.4,1.90796023437231
"GrubKranawetberg_01_16","GrubKranawetberg",3,35,11.7,92,78,79,116,3,3,14,40,21.1,60,1.5,2.1,70,1.4,46,1.5,20,-0.2,-0.7,1.93553970620011
"GrubKranawetberg_01_17","GrubKranawetberg",3,24,8,73,78,55,132,4,2,8.8,36,16.1,67,1.8,1.8,58,1.9,64,0.9,36,0.2,-0.4,1.94678757233493
"GrubKranawetberg_01_18","GrubKranawetberg",14,57,4.1,543,63,134,405,2,3,26.8,47,30.4,53,1.1,4,28,10.7,76,0.4,43,-1.4,-0.7,1.92587294516492
"GrubKranawetberg_01_19","GrubKranawetberg",3,24,8,62,66,53,116,2,2,7.5,31,16.7,69,2.2,0.9,29,2.8,93,0.3,29,-0.7,-0.4,1.85594132351018
"GrubKranawetberg_01_20","GrubKranawetberg",4,30,7.5,98,71,66,148,4,3,17.5,58,12.8,42,0.7,2.8,70,1.4,35,2,42,-0.2,-0.2,1.968269694643
"GrubKranawetberg_01_21","GrubKranawetberg",6,31,5.2,155,72,73,212,2,3,17,54,14.2,45,0.8,1.6,26,4.9,81,0.3,61,-0.5,0.7,1.9422504626323
"GrubKranawetberg_01_22","GrubKranawetberg",6,29,4.8,138,66,69,200,3,2,10.5,36,18.9,65,1.8,3.2,52,3.5,58,0.9,38,-0.2,-0.9,1.9417450969071
"GrubKranawetberg_01_23","GrubKranawetberg",7,45,6.4,249,66,101,246,3,3,22.1,49,23,51,1,3.7,52,4,57,0.9,33,0,-1.1,1.90766369626552
"GrubKranawetberg_01_24","GrubKranawetberg",5,36,7.2,150,77,81,185,5,2,12.6,35,23.9,66,1.9,4.4,87,1.1,21,4.2,34,0.2,-0.4,1.98975648096355
"GrubKranawetberg_01_25","GrubKranawetberg",6,33,5.5,173,81,77,224,2,3,15.8,47,17.5,53,1.1,2.3,38,4,67,0.6,52,0,-0.9,1.92454580123532
"GrubKranawetberg_01_26","GrubKranawetberg",8,45,5.6,282,74,102,276,2,3,20.7,46,24.4,54,1.2,1.6,19,6.5,81,0.2,35,-0.7,-1.6,1.90869604609868
"GrubKranawetberg_01_27","GrubKranawetberg",5,33,6.6,142,73,74,191,3,4,21.6,65,11.6,35,0.5,2.6,52,2.6,52,1,61,-0.2,-0.2,2.00664521844871
"GrubKranawetberg_01_28","GrubKranawetberg",6,30,5,155,73,71,218,3,2,10.2,33,19.8,66,1.9,4,67,2.8,46,1.4,44,-0.2,-0.9,1.94941732741508
"GrubKranawetberg_01_29","GrubKranawetberg",5,35,7,158,70,78,202,2,2,8.1,23,27,77,3.3,2.1,42,3.9,77,0.5,34,-0.4,-1.1,2.01994561979691
"GrubKranawetberg_02_01","GrubKranawetberg",5,20,4,84,70,48,175,4,3,9.8,48,11.1,55,1.1,3.8,75,1.9,37,2,50,0.1,-0.5,1.96811648757783
"GrubKranawetberg_02_02","GrubKranawetberg",3,20,6.7,56,80,47,119,2,3,10.1,50,10.1,50,1,1,33,2.6,87,0.4,48,-0.4,0,1.88196761541218
"GrubKranawetberg_02_03","GrubKranawetberg",6,23,3.8,100,68,54,185,4,3,12.4,53,10.8,46,0.9,4.5,75,1.6,27,2.8,53,0,0.1,1.98501939984044
"GrubKranawetberg_02_04","GrubKranawetberg",7,23,3.3,124,73,57,217,2,2,8.6,37,14.8,64,1.7,2.2,32,4.9,69,0.5,64,-0.4,-0.1,2.01196385902845
"GrubKranawetberg_02_05","GrubKranawetberg",3,18,6,49,81,42,116,4,3,9.1,50,9.6,53,1.1,2.4,79,1,33,2.4,45,0.1,-0.2,1.87562583125016
"GrubKranawetberg_02_06","GrubKranawetberg",3,17,5.7,40,69,39,102,4,3,8.1,47,9,52,1.1,2.1,70,1,33,2.1,42,0.1,-0.2,1.8871756234614
"GrubKranawetberg_02_07","GrubKranawetberg",3,22,7.3,63,71,51,123,3,3,10.2,46,12.1,55,1.2,1.6,54,2.2,75,0.7,46,-0.1,0.2,1.90414637376061
"GrubKranawetberg_02_08","GrubKranawetberg",4,18,4.5,68,76,42,161,5,3,9.6,53,9,50,0.9,3.8,93,1,25,3.8,66,0.1,0.1,1.93761309022189
"GrubKranawetberg_02_09","GrubKranawetberg",3,22,7.3,62,73,51,121,5,3,12.1,55,10.4,47,0.9,3,100,0.6,20,4.8,53,0.1,0.1,1.99497036014015
"GrubKranawetberg_03_01","GrubKranawetberg",4,25,6.2,99,67,59,167,3,2,6.3,25,18.7,74,2.9,2.6,64,2.3,57,1.1,37,-0.2,-0.9,1.97977175625522
"GrubKranawetberg_03_02","GrubKranawetberg",4,24,6,95,74,55,172,2,3,11.5,47,12.7,52,1.1,1.3,33,3.4,85,0.4,56,-0.2,-0.1,1.95712964032519
"GrubKranawetberg_03_03","GrubKranawetberg",3,20,6.7,53,72,45,117,3,3,9.6,48,11,54,1.1,1.5,48,1.8,60,0.8,42,-0.1,-0.5,1.89083550247147
"GrubKranawetberg_03_04","GrubKranawetberg",5,26,5.2,107,72,60,178,4,3,12.7,48,13.5,52,1.1,4.4,87,0.9,17,5.1,54,0.1,-0.1,1.9687723317406
"GrubKranawetberg_03_05","GrubKranawetberg",4,18,4.5,60,56,44,136,3,3,9.1,50,9.4,52,1,2.7,67,1.7,42,1.6,52,-0.1,-0.2,1.94865206229536
"GrubKranawetberg_03_06","GrubKranawetberg",4,22,5.5,84,74,50,168,4,2,6.5,29,15.7,71,2.4,3.4,85,1.3,33,2.5,42,0,-0.7,1.9492417134347
"GrubKranawetberg_04_01","GrubKranawetberg",4,20,5,57,64,46,123,4,3,8.4,42,11.9,59,1.4,2.8,70,1.2,30,2.3,32,0.2,-0.5,1.87256448817667
"GrubKranawetberg_04_02","GrubKranawetberg",6,23,3.8,112,72,55,203,2,3,13.9,60,9.8,42,0.7,2.1,35,4,67,0.5,67,-0.4,-0.2,1.92822106310332
"GrubKranawetberg_04_03","GrubKranawetberg",6,26,4.3,127,71,63,201,2,3,14.2,54,12.6,48,0.9,1.8,29,4.6,76,0.4,58,-0.4,-0.2,1.92769197560861
"GrubKranawetberg_04_04","GrubKranawetberg",5,20,4,88,83,51,172,5,3,8.9,44,11.8,58,1.3,4,80,1.2,24,3.3,67,0.4,0.2,1.89686731174651
"GrubKranawetberg_04_05","GrubKranawetberg",3,21,7,64,70,48,133,2,2,8.2,39,13.2,62,1.6,1.1,35,2.6,87,0.4,45,-0.2,-0.2,1.8732479909564
"GrubKranawetberg_04_06","GrubKranawetberg",5,22,4.4,97,68,53,183,3,2,7.7,35,15.3,69,2,2.5,49,3.2,63,0.8,50,-0.2,-0.4,1.92437611339051
"GrubKranawetberg_04_07","GrubKranawetberg",5,27,5.4,115,74,65,176,4,3,13.2,48,14.4,53,1.1,3.9,77,1.4,28,2.8,49,0,-0.4,1.90913848749239
"GrubKranawetberg_04_08","GrubKranawetberg",3,30,10,82,64,65,126,4,4,18.2,60,11.8,39,0.6,2.6,87,0.9,29,3,44,-0.2,0.4,1.95595253597043
"GrubKranawetberg_04_09","GrubKranawetberg",5,40,8,180,76,90,200,4,2,8.2,20,31.8,79,3.9,3.9,77,1.9,38,2,25,0,-1.6,2.00008886549285
"GrubKranawetberg_04_10","GrubKranawetberg",5,25,5,105,67,59,177,3,3,10.9,43,15.1,60,1.4,2.6,52,2.8,56,0.9,48,0,-0.7,1.91563125679177
"GrubKranawetberg_04_11","GrubKranawetberg",6,25,4.2,141,78,60,235,4,3,11.8,47,13.7,54,1.2,4.9,81,1.9,32,2.5,70,-0.2,0,1.93966826140808
"GrubKranawetberg_04_12","GrubKranawetberg",3,27,9,80,69,62,129,4,3,14,51,13.3,49,1,2.6,87,1.2,40,2.1,43,0,0.2,1.96371781815629
"GrubKranawetberg_04_13","GrubKranawetberg",5,21,4.2,83,65,51,162,3,3,10.2,48,10.9,51,1.1,3,59,2.3,45,1.3,64,0,-0.4,1.89469340236671
"GrubKranawetberg_04_14","GrubKranawetberg",6,28,4.7,139,65,66,210,2,3,12.6,45,16.1,57,1.3,1.4,23,5.3,87,0.3,51,-0.5,0.2,1.95189284223769
"GrubKranawetberg_04_15","GrubKranawetberg",6,30,5,145,72,68,213,4,3,14.7,49,15.3,50,1,4.9,81,1.4,23,3.5,57,0,-0.2,1.94104689727049
"GrubKranawetberg_04_16","GrubKranawetberg",5,28,5.6,111,70,65,170,3,3,11.2,40,16.8,60,1.5,3,59,2.5,49,1.2,36,0,-0.7,1.91114785883545
"GrubKranawetberg_04_17","GrubKranawetberg",3,26,8.7,74,70,61,121,2,3,14.6,56,11.8,45,0.8,0.9,29,2.8,93,0.3,46,-0.2,-0.2,1.95680782656194
"GrubKranawetberg_04_18","GrubKranawetberg",4,27,6.8,90,71,61,147,4,2,7,25,20.7,76,3,3,74,1.1,26,2.8,33,-0.2,-0.5,1.87606985921107
"GrubKranawetberg_04_19","GrubKranawetberg",4,27,6.8,113,72,62,182,2,3,13.7,50,13.3,49,1,0.9,21,4,100,0.2,61,-0.4,0,1.91906256981606
"GrubKranawetberg_04_20","GrubKranawetberg",3,22,7.3,62,69,50,124,5,3,11.1,50,11.2,51,1,3.2,105,0.5,17,6,42,0,-0.2,1.86410056842768
"GrubKranawetberg_04_21","GrubKranawetberg",4,23,5.8,87,72,54,161,3,2,8.6,37,15.1,65,1.8,2.6,65,2.1,52,1.2,48,0,-0.4,1.90010557463573
"GrubKranawetberg_04_22","GrubKranawetberg",6,36,6,177,76,82,215,4,2,10.2,28,26.7,74,2.6,4.4,73,1.8,29,2.5,36,0,-0.4,2.01229049754833
"GrubKranawetberg_04_23","GrubKranawetberg",4,24,6,84,62,53,158,3,3,12.5,51,11.6,48,0.9,1.9,48,3,74,0.6,47,-0.4,0,1.90709242876234
"GrubKranawetberg_04_24","GrubKranawetberg",3,21,7,62,71,48,129,4,3,11.4,54,10,47,0.9,2.5,81,1.2,40,2,49,0,0.2,1.86615931053326
"GrubKranawetberg_04_25","GrubKranawetberg",8,27,3.4,143,62,64,223,4,2,7.5,27,19.6,72,2.6,5.4,67,2.6,32,2.1,40,0.4,-0.9,1.95250014911146
"GrubKranawetberg_04_26","GrubKranawetberg",5,22,4.4,102,76,53,192,4,3,9.3,42,13.7,62,1.5,4.2,84,1.6,31,2.7,58,0.2,-0.2,1.91618857065873
"GrubKranawetberg_04_27","GrubKranawetberg",5,26,5.2,100,70,60,166,4,3,13.2,50,13.7,52,1,3.9,77,1.4,28,2.8,46,0.4,0,1.90237966686735
"GrubKranawetberg_05_01","GrubKranawetberg",5,24,4.8,102,72,56,182,5,2,7,29,17.7,73,2.5,4.4,88,1,19,4.5,41,0.2,-0.7,1.96833621336933
"GrubKranawetberg_05_02","GrubKranawetberg",6,24,4,108,67,56,192,1,2,9.4,39,15.3,63,1.6,0.9,14,5.4,90,0.2,46,-0.9,-0.6,1.98710246221852
"GrubKranawetberg_05_03","GrubKranawetberg",3,17,5.7,45,69,40,112,3,3,9,53,8.8,51,1,1.9,61,1.6,53,1.2,49,0,0.1,1.89884600152261
"GrubKranawetberg_05_04","GrubKranawetberg",4,21,5.2,76,76,48,158,2,3,9.1,43,12.5,59,1.4,1.5,37,3.1,77,0.5,56,-0.2,0.2,1.93175737992342
"GrubKranawetberg_05_05","GrubKranawetberg",5,24,4.8,104,68,58,179,4,3,12.6,52,12.3,51,1,4.1,81,1.9,37,2.2,54,0,0,1.98421493244582
"GrubKranawetberg_05_06","GrubKranawetberg",5,18,3.6,66,67,42,157,2,2,5.9,32,12.5,69,2.1,2,39,3.2,64,0.6,43,-0.2,-0.6,1.9584543054124
"GrubKranawetberg_05_07","GrubKranawetberg",10,30,3,209,66,73,286,1,3,15.7,52,14.4,48,0.9,1.6,16,8.4,83,0.2,57,-1.2,-0.5,1.90339362778949
"GrubKranawetberg_05_08","GrubKranawetberg",4,22,5.5,74,68,51,145,3,3,11.2,51,11.1,50,1,2.2,55,2.3,58,0.9,48,-0.1,-0.1,1.94012230561235
"GrubKranawetberg_05_09","GrubKranawetberg",5,19,3.8,80,68,46,173,3,3,8,42,11.4,59,1.4,3.1,61,2.8,56,1.1,58,0,0,1.95561376809954
"GrubKranawetberg_05_10","GrubKranawetberg",5,19,3.8,84,66,46,182,3,3,8.5,44,11.1,58,1.3,2.5,49,3.3,66,0.7,64,-0.1,-0.1,1.9660391896157
"GrubKranawetberg_05_11","GrubKranawetberg",4,19,4.8,65,73,44,147,3,3,7.8,40,11.6,61,1.5,2.5,61,2,49,1.2,51,0,-0.2,1.92836929901556
"GrubKranawetberg_05_12","GrubKranawetberg",4,23,5.8,88,70,54,162,2,3,11.7,50,12.2,53,1,1.5,37,3.2,80,0.5,54,-0.4,-0.1,1.95354770944596
"GrubKranawetberg_06_01","GrubKranawetberg",7,40,5.7,188,63,91,206,2,2,13.5,33,27.4,68,2,2.5,35,4.6,65,0.5,30,-0.4,-0.9,2.04199058169249
"GrubKranawetberg_06_02","GrubKranawetberg",4,32,8,126,73,75,168,4,3,14.6,45,18.2,57,1.3,3,74,1.9,48,1.5,48,-0.2,0,1.97791584558189
"GrubKranawetberg_06_03","GrubKranawetberg",5,30,6,114,71,69,165,3,2,11.8,39,18.2,60,1.6,2.6,52,2.5,49,1.1,39,-0.2,0,1.8951478170212
"GrubKranawetberg_06_04","GrubKranawetberg",5,25,5,107,73,57,187,4,2,7,28,18.1,72,2.6,4.4,87,1.2,24,3.6,46,0.2,-0.4,1.90977338351974
"GrubKranawetberg_06_05","GrubKranawetberg",3,18,6,51,68,43,118,4,3,10.4,57,8.4,46,0.8,2.3,76,1.6,52,1.4,48,-0.2,0.2,1.85387444823856
"GrubKranawetberg_06_06","GrubKranawetberg",6,35,5.8,174,65,79,220,2,3,17.7,50,18.2,52,1,1.1,17,5.4,90,0.2,40,-0.5,-0.2,1.95077011255485
"GrubKranawetberg_06_07","GrubKranawetberg",3,17,5.7,44,64,40,110,4,3,9.5,55,7.5,44,0.8,2.8,93,1.1,35,2.7,53,0.2,0.2,2.04873832485443
"GrubKranawetberg_06_08","GrubKranawetberg",3,18,6,47,67,41,114,4,3,9.3,51,9.6,53,1,2.3,76,1.1,35,2.2,45,0,-0.2,1.92395947486978
"GrubKranawetberg_06_09","GrubKranawetberg",5,24,4.8,105,72,57,184,4,3,10,41,14.9,62,1.5,4,80,1.4,28,2.9,49,0,-0.2,1.91312810730201
"GrubKranawetberg_06_10","GrubKranawetberg",3,21,7,48,60,47,102,3,3,10.7,50,10.5,50,1,1.2,40,1.9,64,0.6,37,-0.2,0,1.85246597560529
"GrubKranawetberg_06_11","GrubKranawetberg",5,22,4.4,91,66,52,175,4,3,12.3,55,10.5,47,0.9,4.2,84,1.2,24,3.4,55,0.2,-0.2,1.9213765312672
"GrubKranawetberg_06_12","GrubKranawetberg",7,31,4.4,168,68,73,230,4,3,15.4,49,16.1,52,1,4.6,65,3,42,1.5,48,0,-0.4,1.95690498618621
"GrubKranawetberg_06_13","GrubKranawetberg",11,33,3,284,70,84,338,3,2,11.8,35,22.1,66,1.9,5.4,49,6.1,55,0.9,57,-0.2,-1.4,2.01126557549247
"GrubKranawetberg_06_14","GrubKranawetberg",5,28,5.6,115,71,65,176,4,3,14,50,14.4,51,1,4,80,1.4,28,2.9,45,0,-0.2,1.91032931594065
"GrubKranawetberg_06_15","GrubKranawetberg",6,40,6.7,179,68,88,203,3,4,24.2,60,16,39,0.7,3,49,3.2,52,0.9,50,0,0.7,2.01880921759279
"GrubKranawetberg_06_16","GrubKranawetberg",8,22,2.8,130,59,56,232,3,2,8.4,38,14.2,64,1.7,5.1,63,3.9,48,1.3,62,0.2,-0.5,1.9804880019149
"GrubKranawetberg_06_17","GrubKranawetberg",4,21,5.2,75,67,48,156,4,3,9.5,45,11.6,55,1.2,3.2,78,1.6,39,2,50,0.2,-0.4,1.90015186850595
"JarosovPodvrsta_01_01","JarosovPodvrsta",5,34,6.8,137,78,75,182,4,3,20.3,59,14,41,0.7,3.5,69,1.6,32,2.2,51,0.2,0.1,1.94590767996416
"JarosovPodvrsta_01_02","JarosovPodvrsta",5,27,5.4,111,70,61,181,3,2,9.5,35,17.5,64,1.8,2.6,52,3.2,64,0.8,40,0.1,-0.9,1.89003632503085
"JarosovPodvrsta_01_03","JarosovPodvrsta",3,18,6,47,76,41,114,3,3,9.6,53,9.2,51,1,1.6,53,1.7,56,1,58,-0.2,0.2,2.03171709964288
"JarosovPodvrsta_01_04","JarosovPodvrsta",3,20,6.7,55,73,45,122,3,4,14.7,73,5.4,27,0.4,1.9,64,1.8,59,1.1,60,-0.1,0,1.90252246808733
"KremsWachtberg_01_01","KremsWachtberg",6,28,4.7,144,83,69,208,3,3,15.8,56,12.7,45,0.8,3.3,55,2.9,48,1.1,74,0.1,0.1,1.99793402532705
"KremsWachtberg_01_02","KremsWachtberg",9,49,5.4,369,80,123,300,3,2,16,32,33.3,67,2.1,5.3,58,4.1,45,1.3,43,0.3,-0.9,1.9334639806502
"KremsWachtberg_01_03","KremsWachtberg",6,30,5,157,71,71,221,4,3,14.3,47,15.8,52,1.1,4.9,80,1.6,26,3,60,-0.1,0.4,1.95565043798872
"KremsWachtberg_01_04","KremsWachtberg",4,14,3.5,54,78,36,150,3,2,3.9,27,10.8,76,2.8,2.5,61,2.1,52,1.2,68,0.1,0,2.01085962671928
"KremsWachtberg_01_05","KremsWachtberg",6,25,4.2,124,73,60,206,2,2,5.4,21,20.1,80,3.8,2.5,41,3.9,64,0.6,46,-0.1,-1.1,1.93937168312325
"KremsWachtberg_01_06","KremsWachtberg",6,25,4.2,127,78,61,208,3,3,14.2,56,10.9,43,0.8,3,50,3.5,57,0.9,69,-0.1,-0.4,1.93790377841162
"KremsWachtberg_01_07","KremsWachtberg",5,23,4.6,99,68,58,170,3,2,5.6,24,18.3,79,3.3,2.7,54,2.5,50,1.1,46,0.1,-0.6,1.92881862750843
"KremsWachtberg_01_08","KremsWachtberg",4,27,6.8,110,75,63,174,2,1,4.4,16,23.5,86,5.4,1.1,26,3.9,96,0.3,36,-0.3,-0.9,1.97139327147218
"KremsWachtberg_01_09","KremsWachtberg",12,37,3.1,361,77,93,388,3,2,10.4,27,27.5,74,2.7,5.9,49,6.5,53,0.9,55,-0.3,-2,1.92170085878441
"KremsWachtberg_01_10","KremsWachtberg",16,85,5.3,1075,83,201,534,1,3,40.4,47,44.7,52,1.1,3.2,19,13.1,81,0.2,43,-1.3,-2,1.90049841218042
"KremsWachtberg_02_01","KremsWachtberg",18,60,3.3,798,70,145,550,4,3,25.6,42,35.1,58,1.4,12.6,69,5.9,32,2.1,56,0.8,-1.8,1.98056816900853
"KremsWachtberg_02_02","KremsWachtberg",27,59,2.2,1114,65,154,723,3,2,16.9,28,42.2,71,2.5,11.5,42,15.6,57,0.7,62,0.6,-3,2.03577707446022
"KremsWachtberg_02_03","KremsWachtberg",13,61,4.7,650,73,141,460,4,3,36.7,60,24.9,40,0.7,9.7,74,4.2,32,2.3,67,0.6,0.4,1.93918281924209
"Milovice1_01_01","Milovice1",6,40,6.7,197,80,89,221,4,4,24.4,60,16.3,40,0.7,4,66,2.1,34,1.9,52,0.1,0.1,1.87716186065497
"Milovice1_01_02","Milovice1",6,33,5.5,169,80,73,231,4,3,14.5,43,18.5,56,1.3,3.8,63,2.4,40,1.6,52,0.2,-0.1,1.99897782994822
"Milovice1_01_03","Milovice1",5,40,8,179,79,88,203,3,3,22.4,55,17.7,44,0.8,2.2,44,3.3,65,0.7,46,-0.1,0,1.86799836850603
"Milovice1_01_04","Milovice1",4,21,5.2,82,77,50,164,3,3,12.2,58,9.6,45,0.8,2.6,64,2.1,53,1.2,68,0,0.1,1.88765210734232
"Milovice1_01_05","Milovice1",6,41,6.8,200,79,91,219,4,2,15.3,37,25.8,62,1.7,3.9,65,2.1,34,1.9,39,-0.1,0,1.87910623418576
"Milovice1_01_06","Milovice1",6,41,6.8,210,80,92,228,2,3,21,51,20.5,50,1,2.1,34,4.2,70,0.5,46,-0.5,0,1.88494788987861
"Milovice1_01_07","Milovice1",5,28,5.6,113,74,65,173,3,2,10.3,36,18.4,65,1.8,2.4,47,2.8,55,0.8,44,-0.2,0,1.96926513397318
"Milovice1_02_01","Milovice1",14,37,2.6,406,64,101,401,2,2,10,27,27.6,74,2.8,3.7,26,11,78,0.3,55,-1.1,-2.3,1.98891680423272
"Milovice1_02_02","Milovice1",8,25,3.1,132,63,61,216,3,3,11.7,46,13.8,55,1.2,4.4,54,3.7,45,1.2,59,-0.2,-0.3,1.96304957694255
"Milovice1_02_03","Milovice1",5,16,3.2,60,64,41,146,3,3,7.4,46,9.5,59,1.3,3.1,62,2.4,47,1.3,61,-0.1,-0.2,2.02499200185174
"Milovice1_02_04","Milovice1",19,67,3.5,957,74,155,617,4,3,33.4,49,33.7,50,1,11.8,61,7.3,38,1.6,58,0.5,-1.3,1.97455192381795
"Milovice1_02_05","Milovice1",17,61,3.6,807,75,150,538,3,3,30.4,49,31.1,51,1,9.2,53,8.2,48,1.1,65,0.2,-1.3,1.9616529139325
"Milovice1_02_06","Milovice1",16,88,5.5,1120,80,206,543,3,3,36.4,41,51.8,58,1.4,9.2,57,7.3,45,1.3,40,-0.8,-2.8,1.89698149858629
"Milovice1_03_01","Milovice1",8,37,4.6,242,71,88,275,3,2,11,29,26.4,71,2.4,4.5,55,4.5,55,1,38,-0.1,-1.9,1.86524562596827
"Milovice1_03_02","Milovice1",12,46,3.8,407,67,106,383,3,2,12.1,26,34.8,75,2.9,5.8,48,6.9,57,0.8,36,-0.2,-2.9,1.91774940302678
"Milovice1_03_03","Milovice1",4,17,4.2,58,73,41,141,4,2,5.5,32,11.7,69,2.2,2.9,71,1.7,41,1.7,50,0.1,-0.5,2.01457791600845
"Milovice1_03_04","Milovice1",6,22,3.7,106,68,54,196,3,3,11,49,11.9,54,1.1,2.9,47,3.6,59,0.8,52,-0.2,-0.6,1.92165403115327
"Milovice1_03_05","Milovice1",9,40,4.4,222,60,91,243,4,2,13,32,27.1,67,2.1,5.9,65,3.1,34,1.9,23,0.3,-2.4,1.86440995297806
"Milovice1_03_06","Milovice1",10,45,4.5,320,65,108,296,3,2,11,24,34.5,76,3.1,5.7,56,5,50,1.1,32,0.2,-2.3,1.88747049349294
"Milovice1_03_07","Milovice1",5,16,3.2,60,71,39,153,3,3,8.1,50,8.5,53,1,2.6,51,2.4,48,1.1,69,0,-0.1,2.03871790806404
"Milovice1_03_08","Milovice1",5,24,4.8,103,73,55,187,3,3,9.7,40,14.4,59,1.5,2.7,53,3.3,66,0.8,57,0,0.2,1.90722118148275
"Milovice1_03_09","Milovice1",6,22,3.7,89,65,51,174,3,2,8.2,37,13.9,63,1.7,3.3,54,2.9,47,1.1,48,-0.1,-0.4,1.91518434835
"Milovice1_03_10","Milovice1",12,52,4.3,450,64,120,375,3,3,21.2,40,31,59,1.5,6.8,56,6.1,51,1.1,38,-0.1,-1.7,1.92255222545583
"Pavlov1_01_01","Pavlov1",5,20,4,74,67,48,154,5,3,11,54,9.8,49,0.9,4.9,97,0.4,7,12.9,49,0.5,0.1,1.94407234786433
"Pavlov1_01_02","Pavlov1",5,18,3.6,73,66,44,165,4,3,9.8,54,8.4,46,0.9,4.7,94,0.7,14,6.7,51,0.1,-0.8,1.97353886669153
"Pavlov1_01_03","Pavlov1",4,16,4,55,70,37,148,2,4,10.4,64,5.9,36,0.6,1.1,28,3.6,91,0.3,80,-0.3,0.7,1.93146445390132
"Pavlov1_01_04","Pavlov1",5,20,4,80,69,47,170,2,4,12.7,63,7.8,38,0.6,1.5,29,4,79,0.4,75,-0.3,0.5,1.95925668583421
"Pavlov1_01_05","Pavlov1",5,26,5.2,102,65,61,167,1,3,11.8,45,14.6,56,1.2,0,0,5.2,103,0,41,-0.4,-0.5,2.03568458586415
"Pavlov1_01_06","Pavlov1",8,27,3.4,187,70,69,271,4,3,12.4,45,15.6,57,1.3,7.3,91,1.6,19,4.6,58,0.3,-0.8,1.92341673605958
"Pavlov1_01_07","Pavlov1",5,26,5.2,105,75,61,172,5,2,10.3,39,16.6,63,1.6,4.8,96,0.6,11,8.1,39,0.4,-0.4,1.8928067752644
"Pavlov1_01_08","Pavlov1",4,18,4.5,65,76,42,154,5,4,11.1,61,7.1,39,0.6,4.2,104,0.5,12,8.6,64,0.2,0.1,1.92684088102835
"Pavlov1_02_01","Pavlov1",6,22,3.7,104,71,53,196,1,3,12,54,10.8,48,0.9,0.7,12,5.7,94,0.1,62,-0.7,0.2,1.90244874612379
"Pavlov1_02_02","Pavlov1",7,27,3.9,146,73,65,224,1,3,14.1,52,13.1,48,0.9,1.3,18,5.9,84,0.2,54,-0.2,-0.5,1.91586145376383
"Pavlov1_02_03","Pavlov1",5,17,3.4,69,63,44,156,2,3,9.3,54,8.6,50,0.9,0.6,12,4.7,94,0.1,55,-0.2,-0.3,2.00939241712906
"Pavlov1_02_04","Pavlov1",5,16,3.2,63,70,41,153,5,2,5.8,36,10.8,67,1.9,4.5,89,0.6,12,6.9,60,0.3,0.1,1.98737697993821
"Pavlov1_02_05","Pavlov1",6,23,3.8,106,70,55,192,5,3,11.4,49,11.9,51,1,5.6,94,0.6,9,10.1,49,0.5,-0.5,1.89924281544447
"Pavlov1_03_01","Pavlov1",8,48,6,300,65,112,267,3,4,31.3,65,17.2,35,0.5,3.5,43,4.8,60,0.7,42,-0.2,-0.4,1.90851324572665
"Pavlov1_03_02","Pavlov1",9,39,4.3,283,71,95,297,4,3,22.5,57,16.5,42,0.7,6.4,70,3.5,38,1.8,64,0.1,0,1.96342037146164
"Pavlov1_04_01","Pavlov1",9,55,6.1,390,72,131,297,5,2,19.1,34,36.1,65,1.9,8.1,89,1.5,16,5.5,33,0.5,-2.4,1.9186957043361
"Pavlov1_05_01","Pavlov1",6,30,5,145,71,69,210,4,3,15.7,52,14.4,47,0.9,4.7,77,1.8,30,2.5,49,0.1,-0.6,1.99974541663798
"Pavlov1_05_02","Pavlov1",5,20,4,80,65,51,156,1,3,11.1,55,9.2,46,0.8,1.1,21,4.7,94,0.2,54,-0.4,0.1,1.90957861014479
"Pavlov1_05_03","Pavlov1",5,19,3.8,76,66,46,165,4,3,9.5,50,10.1,53,1.1,4.4,87,1.2,24,3.6,56,0.3,0.2,1.90926200307222
"Pavlov1_05_04","Pavlov1",5,18,3.6,74,70,44,168,4,2,7.1,39,11.5,64,1.6,4.3,85,1.1,21,4,53,0.3,-0.2,1.90005920578687
"Pavlov1_05_05","Pavlov1",5,20,4,88,71,49,179,1,3,10.8,54,9.2,46,0.9,0.7,13,5.2,103,0.1,62,-0.5,-0.1,1.91401162444979
"Pavlov1_05_06","Pavlov1",5,19,3.8,79,68,46,171,4,3,9.3,49,10.2,53,1.1,4.4,87,1.3,25,3.4,63,0.5,-0.2,1.90835338367363
"Pavlov1_05_07","Pavlov1",4,19,4.8,68,71,44,154,5,3,10.5,55,8.7,45,0.8,4.3,106,0.5,13,8,58,0.3,-0.1,1.88708669165448
"Pavlov1_05_08","Pavlov1",7,22,3.1,117,73,55,212,2,4,15.2,69,7.4,33,0.5,1.5,21,5.6,79,0.3,88,-0.5,0.5,1.93701735219603
"Pavlov1_05_09","Pavlov1",4,16,4,55,64,39,141,5,3,8.9,55,7.3,45,0.8,4.4,110,0.4,9,11.6,69,0.2,0.5,2.01992888086949
"Pavlov1_05_10","Pavlov1",4,15,3.8,57,67,41,139,1,3,8.5,56,7.5,49,0.9,0.5,11,4.3,106,0.1,75,-0.2,0.5,2.01702756761339
"Pavlov1_05_11","Pavlov1",5,17,3.4,67,70,42,159,5,2,5.6,33,12.1,71,2.1,4.8,96,0.3,6,15.8,45,0.3,-0.6,2.04531365973498
"Pavlov1_05_12","Pavlov1",6,26,4.3,129,72,61,211,2,4,18.8,72,7.3,27,0.4,1.2,20,5.2,86,0.2,113,-0.5,1.4,1.93218956619711
"Pavlov1_05_13","Pavlov1",6,21,3.5,98,67,52,188,4,3,10.5,50,11.4,54,1.1,4.9,81,1.4,22,3.6,56,0.4,-0.2,1.92572661657953
"Pavlov1_05_14","Pavlov1",7,23,3.3,115,68,57,201,5,3,12.1,52,11.3,49,0.9,5.7,81,1.4,19,4.2,61,0.4,-0.2,1.94008537520625
"Pavlov1_05_15","Pavlov1",5,23,4.6,89,68,53,167,5,3,12.7,55,11,47,0.9,4.9,97,0.5,9,10.7,43,0.5,-0.6,1.89783031335004
"Pavlov1_05_16","Pavlov1",8,23,2.9,132,70,57,231,5,3,10.9,47,12.4,54,1.1,7,87,1,12,7.1,59,0.7,-0.2,1.96135460484436
"Pavlov1_05_17","Pavlov1",5,15,3,60,72,38,157,4,2,4.7,31,10.7,71,2.3,3.5,70,1.6,32,2.2,67,0.2,-0.2,2.0154491039756
"Pavlov1_05_18","Pavlov1",5,17,3.4,79,73,42,188,4,2,6.3,37,11.2,66,1.8,4.7,94,1.2,24,3.9,61,0.2,-0.2,2.04550766011183
"Pavlov1_05_19","Pavlov1",8,28,3.5,174,67,68,255,1,3,15.5,55,12.9,46,0.8,1.3,16,7.6,95,0.2,62,-0.7,0.5,1.97994581331827
"Pavlov1_05_20","Pavlov1",8,28,3.5,186,69,70,265,2,4,17.5,62,11.3,40,0.6,2.1,25,6.9,85,0.3,79,-0.8,0.3,1.98140638604638
"Pavlov1_05_21","Pavlov1",5,19,3.8,70,60,46,152,4,2,7.3,38,12.1,63,1.7,4.6,91,0.8,16,5.5,53,0.5,-0.2,1.91418483040094
"Pavlov1_05_22","Pavlov1",7,29,4.1,163,65,70,232,1,4,18.5,63,10.6,36,0.6,0,0,7.9,112,0,64,-0.8,0.9,1.96379703470901
"Pavlov1_05_23","Pavlov1",5,20,4,81,72,49,165,4,3,8.2,41,12.4,61,1.5,3.7,73,1.5,29,2.5,50,0.2,-0.2,1.89292408542162
"Pavlov1_05_24","Pavlov1",5,20,4,88,72,50,176,2,4,14.6,72,6.4,32,0.4,1.4,27,4.2,83,0.3,99,-0.3,0.6,1.90398246017973
"Pavlov1_05_25","Pavlov1",6,19,3.2,74,60,46,160,4,2,6.4,33,12.6,66,2,4,67,2,33,2,54,0.5,-0.5,1.92295023706153
"Pavlov1_05_26","Pavlov1",5,19,3.8,81,73,46,176,2,4,13,68,6.6,34,0.5,1.2,24,4.4,88,0.3,79,-0.5,0.5,1.90150600949619
"Pavlov1_06_01","Pavlov1",6,20,3.3,97,74,48,202,4,2,7.4,36,12.9,64,1.8,4.3,70,2.2,36,1.9,57,0.2,-0.1,1.95201944226184
"Pavlov1_06_02","Pavlov1",5,21,4.2,86,65,52,165,5,2,6.3,29,15.3,72,2.4,5.3,105,0.5,10,10.2,43,0.6,-0.8,1.935972540429
"Pavlov1_06_03","Pavlov1",6,26,4.3,117,69,60,195,4,2,7.5,28,18.6,71,2.5,5,82,1.3,21,3.8,45,0.5,-0.6,1.94752379587959
"Pavlov1_06_04","Pavlov1",7,26,3.7,143,71,62,230,2,3,11.6,44,15.1,58,1.3,2.1,30,5,71,0.4,59,-0.3,-0.5,1.97423509992376
"Pavlov1_06_05","Pavlov1",6,22,3.7,111,75,54,205,1,4,15.9,72,6.8,31,0.4,0.9,15,5.5,92,0.2,90,-0.5,0.6,1.94873858223387
"Pavlov1_06_06","Pavlov1",7,21,3,119,64,56,212,3,3,13,61,8.9,42,0.7,2.5,35,4.7,67,0.5,63,-0.1,-0.7,1.97800711603104
"Pavlov1_06_07","Pavlov1",6,20,3.3,103,76,50,206,5,2,7.3,36,13.5,67,1.9,5.5,91,0.6,9,9.4,61,0.3,0,1.94961387329003
"Pavlov1_07_01","Pavlov1",5,20,4,78,65,49,159,4,3,8.7,43,11.7,58,1.3,3.9,78,1.4,28,2.8,42,0,-0.9,1.90219547244429
"Pavlov1_07_02","Pavlov1",5,25,5,103,70,60,171,4,2,8.3,33,17,68,2,3.9,77,1.8,36,2.1,40,0.2,-0.9,1.89784178212064
"Pavlov1_07_03","Pavlov1",6,23,3.8,115,69,55,209,2,4,16.3,70,7.2,31,0.4,0.9,15,5.2,86,0.2,81,-0.3,0.3,1.93368127783222
"Pavlov1_07_04","Pavlov1",7,40,5.7,219,70,92,238,4,4,25.4,63,15,37,0.6,5.1,73,2,28,2.6,47,0.2,-0.9,1.89624929400773
"Pavlov1_07_05","Pavlov1",6,42,7,216,83,102,211,3,3,22.5,53,19.8,47,0.9,2.4,40,3.9,64,0.6,48,0.2,-0.7,1.86503166754
"Pavlov1_08_01","Pavlov1",5,15,3,59,66,39,151,5,3,8.3,55,7.1,47,0.9,5.4,108,0.1,1,62.5,55,0.5,-0.1,1.97994319212935
"Pavlov1_08_02","Pavlov1",5,15,3,61,74,38,160,5,4,10,66,5.6,37,0.6,4.4,88,0.8,15,5.7,78,0.4,-0.1,1.98394878957629
"Pavlov1_08_03","Pavlov1",5,17,3.4,65,69,42,154,5,2,6.7,39,11,64,1.6,4.3,86,1,19,4.5,53,0.4,-0.2,1.98403014705901
"Pavlov1_08_04","Pavlov1",5,19,3.8,73,66,46,158,2,2,7.4,38,11.7,61,1.6,1.3,26,3.9,77,0.3,48,-0.2,-0.4,1.99292537077618
"Pavlov1_08_05","Pavlov1",5,18,3.6,73,63,45,162,1,3,9.6,53,9,50,0.9,0.2,4,5.6,111,0,59,-0.5,0.3,2.00969418121825
"Pavlov1_09_01","Pavlov1",4,20,5,69,68,47,146,5,2,6.7,33,13.6,67,2,4.1,102,0.8,19,5.3,43,0.3,-0.3,1.97244392489598
"Pavlov1_09_02","Pavlov1",6,24,4,118,68,60,196,5,2,6.7,27,18,75,2.7,5.8,97,0.6,10,9.6,44,0.3,-1,1.91364793332234
"Pavlov1_09_03","Pavlov1",6,26,4.3,131,65,63,207,5,2,8.3,31,18.2,70,2.2,6.9,115,0,0,160,42,0.3,-0.9,1.92609058411806
"Petrkovice1a_01_01","Petrkovice1a",12,31,2.6,266,68,81,328,3,1,4.6,14,27.3,88,5.9,5.8,48,6.2,51,0.9,38,-0.5,-3.3,1.95268932038124
"Petrkovice1a_01_02","Petrkovice1a",15,51,3.4,579,69,121,478,3,3,26,51,25.2,49,1,7.5,50,7.8,52,1,60,-0.2,-1,2.01876009310946
"Petrkovice1a_01_03","Petrkovice1a",16,58,3.6,692,67,139,497,3,3,26.2,45,32.2,55,1.2,7.4,46,9.4,58,0.8,54,0.5,-0.6,1.91008327081327
"Petrkovice1a_01_04","Petrkovice1a",13,38,2.9,379,73,94,403,3,2,8.7,22,29.5,77,3.4,7.4,57,5.6,43,1.3,57,0.2,-1.8,1.96745806129864
"Petrkovice1a_01_05","Petrkovice1a",26,62,2.4,1124,64,161,698,4,3,27.4,44,35.1,56,1.3,19.8,76,7.1,27,2.8,54,1.8,-3.4,1.96473452346272
"Petrkovice1a_01_06","Petrkovice1a",21,62,3,1017,69,156,651,3,3,29.2,47,33.4,53,1.1,10.2,48,11.2,53,0.9,77,-0.1,0,1.93673218016434
"Petrkovice1a_01_07","Petrkovice1a",19,51,2.7,723,71,125,578,2,3,23.4,45,28.4,55,1.2,5.9,31,13.3,70,0.4,62,-0.8,-2.4,2.03101953252636
"Petrkovice1a_01_08","Petrkovice1a",14,60,4.3,650,71,140,464,2,4,38.9,64,21.7,36,0.6,3.8,26,11.2,79,0.3,72,-1.3,1.4,1.88862309783691
"Petrkovice1a_01_09","Petrkovice1a",31,77,2.5,1829,73,190,962,2,3,31.3,40,46,59,1.5,10,32,21.6,69,0.5,73,-1.4,-2.5,1.98967724856738
"Petrkovice1a_01_10","Petrkovice1a",5,35,7,149,70,77,193,5,2,10,28,25.1,71,2.5,4.7,94,0.9,17,5.5,34,0,-0.6,1.93027733190034
"Petrkovice1a_01_11","Petrkovice1a",4,21,5.2,68,66,50,136,3,2,7.6,36,14.1,67,1.8,2.6,64,2,51,1.3,35,0,-0.9,1.96173696857156
"Petrkovice1a_01_12","Petrkovice1a",31,83,2.7,1874,68,202,927,3,3,36.1,43,47.3,57,1.3,16.8,54,15.1,48,1.1,68,0.8,-1.3,1.98907530104784
"Petrkovice1a_01_13","Petrkovice1a",5,32,6.4,134,68,76,176,4,2,11.3,35,21.6,67,1.9,4.4,88,1.1,21,4.1,30,0.3,-1.3,1.92871179461562
"Petrkovice1a_01_14","Petrkovice1a",4,28,7,105,62,65,161,4,2,10.5,37,18.4,65,1.7,4.2,104,0.6,16,6.5,28,0.1,-1.6,1.8496258347993
"Petrkovice1a_01_15","Petrkovice1a",20,54,2.7,823,73,140,587,3,2,13.4,24,41.1,76,3.1,10.9,54,9.6,47,1.1,58,-0.2,-3.7,1.92022341169186
"Petrkovice1a_01_16","Petrkovice1a",4,31,7.8,107,57,72,148,5,2,7.7,24,24.1,77,3.1,4.6,115,0.2,5,21.5,25,-0.2,-0.9,1.92473651494357
"Predmosti1b_01_01","Predmosti1b",19,68,3.6,889,65,167,532,3,2,20.4,29,48.5,71,2.4,10.1,53,9.4,49,1.1,42,-0.2,-3.9,1.91162904097472
"Predmosti1b_01_02","Predmosti1b",14,63,4.5,648,68,151,429,3,3,30.8,48,33.1,52,1.1,7.2,51,7.1,50,1,48,0.1,-0.8,1.86390866623046
"Predmosti1b_01_03","Predmosti1b",5,26,5.2,127,79,65,195,2,3,15.8,60,10.9,41,0.7,2,40,3.6,72,0.6,67,-0.2,-0.4,1.97427635513624
"Predmosti1b_01_04","Predmosti1b",7,31,4.4,171,75,73,234,3,3,15,48,16.4,52,1.1,3.4,48,3.6,51,0.9,53,-0.2,-0.5,1.86507523180203
"Predmosti1b_01_05","Predmosti1b",8,45,5.6,290,74,105,276,4,2,13.2,29,31.8,70,2.4,5.6,70,3,37,1.9,39,-0.1,-1.4,1.95423751858741
"Predmosti1b_01_06","Predmosti1b",19,76,4,1030,68,176,585,3,2,25,32,51.8,68,2.1,11,57,8.1,42,1.4,39,0.2,-3.2,1.90249961508632
"Predmosti1b_01_07","Predmosti1b",7,34,4.9,186,67,82,226,3,1,6.4,18,27.9,81,4.4,3.1,44,4.4,62,0.7,32,-0.5,-2.1,1.88001013226305
"Predmosti1b_01_08","Predmosti1b",6,27,4.5,114,66,62,183,5,2,9.5,35,17.9,66,1.9,5.9,97,0.2,4,23.5,34,0.5,-0.8,1.98080519277955
"Predmosti1b_01_09","Predmosti1b",7,42,6,227,70,98,231,3,3,20.4,48,22.1,52,1.1,3.4,48,4,57,0.8,39,-0.2,-0.8,1.93993293326564
"Predmosti1b_01_10","Predmosti1b",9,41,4.6,303,72,95,318,3,2,16.5,40,25.2,61,1.5,4.8,52,4.9,54,1,48,-0.2,-1,1.91458632140564
"Predmosti1b_01_11","Predmosti1b",11,37,3.4,236,56,90,262,4,2,8.1,21,28.9,78,3.6,8.6,78,2.5,22,3.4,40,1.4,-1.8,1.93368127783222
"Predmosti1b_01_12","Predmosti1b",16,58,3.6,735,74,143,513,3,2,14.9,25,43.9,75,2.9,7.1,44,9.4,58,0.8,48,-0.1,-3.4,2.00234868951892
"Predmosti1b_01_13","Predmosti1b",7,23,3.3,137,76,56,244,4,3,11.1,48,12.6,54,1.1,5.4,76,2.2,32,2.4,68,0.4,-0.1,1.99040910478606
"Predmosti1b_01_14","Predmosti1b",12,37,3.1,288,60,92,313,3,3,22.1,59,15.4,41,0.7,7,58,5.1,42,1.4,54,0.6,-0.8,1.93198449056891
"Predmosti1b_01_15","Predmosti1b",7,39,5.6,227,72,87,260,4,2,13.8,35,25.2,64,1.8,5.5,78,2.4,33,2.3,36,0.1,-1.2,1.95465124380929
"Predmosti1b_01_16","Predmosti1b",15,56,3.7,632,71,132,478,4,2,22.1,39,34.8,62,1.6,9.1,60,6,40,1.5,49,-0.1,-1.5,1.98638633013257
"Predmosti1b_01_17","Predmosti1b",9,45,5,312,70,107,291,3,3,24,53,21.4,47,0.9,5.6,62,4,44,1.4,47,0.1,-1,1.9036464940788
"Predmosti1b_01_18","Predmosti1b",18,55,3.1,773,73,144,536,4,2,18.9,34,36.1,65,1.9,13.6,75,5,27,2.7,59,0.4,-2.6,2.02095422795561
"Predmosti1b_01_19","Predmosti1b",10,34,3.4,224,63,79,283,3,2,11.8,34,22.4,65,1.9,5.8,57,4.5,45,1.3,44,0,-1,1.92111104127584
"Predmosti1b_01_20","Predmosti1b",9,45,5,286,69,102,280,3,3,22.8,50,22.6,50,1,5,55,4,44,1.2,43,0.4,-0.6,1.97022666526971
"Predmosti1b_01_21","Predmosti1b",9,39,4.3,284,71,90,315,3,2,11.8,30,27.8,71,2.4,4.8,52,5.1,56,0.9,43,-0.4,-1.8,1.91932487141087
"Predmosti1b_01_22","Predmosti1b",11,34,3.1,261,65,81,322,3,2,13.4,39,20.8,61,1.6,5.8,52,5.8,52,1,50,0,-1.2,1.91763564496796
"Predmosti1b_01_23","Predmosti1b",8,44,5.5,310,76,103,300,3,2,13.1,29,31.4,71,2.4,4.2,53,4.4,54,1,48,-0.1,-0.6,1.97383403660779
"Predmosti1b_01_24","Predmosti1b",9,10,1.1,76,77,36,211,1,3,5.6,56,5,50,0.9,1.4,15,7.8,86,0.2,117,-0.5,0,2.01094196657652
"Willendorf5_01_01","Willendorf5",4,30,7.5,100,71,66,151,4,2,11.4,37,18.6,62,1.6,3.4,86,0.7,17,5,35,0.1,-0.3,1.9192262117304
"Willendorf5_01_02","Willendorf5",7,18,2.6,93,68,45,206,4,2,5.5,30,12.8,71,2.3,4.7,67,2.5,35,1.9,51,0.3,-1.3,2.05841775328891
"Willendorf5_01_03","Willendorf5",4,15,3.8,48,72,36,133,2,3,6.9,45,8.8,58,1.3,1.4,34,2.8,68,0.5,62,-0.3,0,1.97123767060528
"Willendorf5_01_04","Willendorf5",9,20,2.2,117,62,50,234,3,3,11.5,57,8.5,42,0.7,4.7,51,4.6,50,1,90,0,0.3,1.97552080966335
"Willendorf5_01_05","Willendorf5",5,25,5,104,69,60,173,5,3,11.9,47,13.8,55,1.2,5,100,0.5,10,9.7,45,0.4,-0.9,1.88763199177127
"Willendorf5_01_06","Willendorf5",3,17,5.7,52,80,43,120,3,3,8.4,49,9.5,55,1.1,1.6,51,2,66,0.8,51,-0.1,-0.6,1.952355514695
"Willendorf5_01_07","Willendorf5",3,14,4.7,38,69,33,115,4,3,6.6,46,8.1,57,1.2,2.9,97,0.5,17,5.7,53,0.1,0,1.95954709699874
"Willendorf5_01_08","Willendorf5",4,25,6.2,88,73,58,151,3,3,11.6,46,13.8,55,1.2,2,49,2.7,66,0.7,39,-0.2,-0.6,1.93083497463163
"Willendorf5_01_09","Willendorf5",3,22,7.3,51,73,49,104,4,2,7.8,35,14.6,66,1.9,2.2,71,0.9,28,2.5,31,0,-0.4,1.8654374827665
"Willendorf5_01_10","Willendorf5",4,17,4.2,59,68,40,147,4,3,7.4,43,9.9,58,1.3,3.7,92,1,25,3.6,54,0.3,-0.2,2.00537940694244
"Willendorf5_01_11","Willendorf5",3,17,5.7,57,77,41,139,3,3,9.7,57,8.1,47,0.8,2.2,74,1.7,57,1.3,60,0,-0.2,1.97567422809143
"Willendorf5_01_12","Willendorf5",3,18,6,57,75,41,139,3,4,11.3,62,7.4,41,0.7,2.2,74,1.6,54,1.4,54,0.1,-0.2,1.97108646386635
"Willendorf5_01_13","Willendorf5",4,20,5,67,74,47,142,2,3,12,59,8.3,41,0.7,1.5,36,2.8,68,0.5,59,-0.2,-0.2,1.80290230484105
"Willendorf5_01_14","Willendorf5",5,26,5.2,113,74,60,188,4,3,13.4,51,13.1,50,1,3.9,77,1.4,27,2.8,54,0.3,-0.3,1.87711556168414
"Willendorf5_01_15","Willendorf5",3,24,8,66,79,54,122,3,3,10.4,43,14.1,58,1.4,1.4,45,2,66,0.7,33,-0.2,-0.7,1.87238110762429
"Willendorf5_01_16","Willendorf5",5,29,5.8,111,68,66,168,5,3,16.6,57,12.8,43,0.8,5,100,0.2,3,29,44,0.3,0,1.9515303046038
"Willendorf5_01_17","Willendorf5",7,18,2.6,98,69,48,204,4,2,5,27,13.4,74,2.7,5.3,76,2.1,29,2.6,59,0.2,-1,2.06512446266306
"Willendorf5_01_18","Willendorf5",4,28,7,109,73,63,173,4,3,17,60,11.7,41,0.7,3.8,94,1.1,28,3.4,49,0.3,0,1.9393424927054
"Willendorf5_01_19","Willendorf5",10,46,4.6,383,76,111,345,3,2,10.2,22,36.5,79,3.6,6,60,4.7,46,1.3,43,0.1,-2,1.86790176168013
"Willendorf5_01_20","Willendorf5",4,26,6.5,91,79,60,151,5,4,16.2,62,10.6,40,0.7,3.8,94,0.3,6,14.7,47,0.2,-0.7,1.90548294754798
"Willendorf6_01_01","Willendorf6",23,76,3.3,1253,68,185,677,4,2,25.6,33,50.5,66,2,16.1,70,7.4,32,2.2,44,0.8,-5.1,1.92069896877678
"Willendorf6_01_02","Willendorf6",15,57,3.8,678,71,141,480,3,3,26.4,46,31.2,54,1.2,7.2,47,8.5,56,0.8,45,-0.2,-2.4,1.967737791468
"Willendorf6_01_03","Willendorf6",7,59,8.4,366,70,130,281,4,2,21,35,38.4,65,1.8,6.5,93,1.5,20,4.5,32,0.3,0,1.9268843188644
"Willendorf6_01_04","Willendorf6",13,47,3.6,480,76,110,436,3,3,20.1,42,27.2,57,1.4,6,45,7.2,55,0.8,51,-0.2,-1.9,1.93348804182627
"Willendorf6_01_05","Willendorf6",6,36,6,180,64,82,219,2,2,12.7,35,23.7,65,1.9,1.6,26,5.1,84,0.3,41,-0.1,-0.6,1.91681248820257
"Willendorf6_01_06","Willendorf6",6,29,4.8,151,83,67,225,4,1,3.8,13,25.3,87,6.6,4.4,72,2.4,40,1.8,37,0.3,-1.9,2.00709775792905
"Willendorf6_01_07","Willendorf6",28,84,3,1697,68,204,831,3,1,15.7,18,68.5,81,4.4,16.2,57,12.8,45,1.3,43,0.3,-6.7,1.95152722895748
"Willendorf6_01_08","Willendorf6",20,72,3.6,981,65,173,567,3,2,22,30,50.8,70,2.3,9.4,46,11.1,55,0.8,39,-0.6,-4,1.90586147657171
"Willendorf6_01_09","Willendorf6",7,37,5.3,198,65,85,232,2,2,14.2,38,23.5,63,1.6,1.4,19,5.8,83,0.2,43,-0.2,-0.6,1.92046564471496
"Willendorf6_01_10","Willendorf6",26,47,1.8,855,66,129,662,3,2,15.6,33,32.2,68,2.1,14.2,54,12.4,47,1.2,64,0.2,-3.8,1.94403914032907
"Willendorf6_01_11","Willendorf6",11,39,3.5,312,64,91,342,4,3,21.9,56,17.4,44,0.8,7.9,71,3.3,29,2.4,50,0.5,-1.2,1.92302068842024
"Willendorf6_01_12","Willendorf6",9,64,7.1,418,70,147,284,2,4,38.8,60,25.7,40,0.7,3.1,33,6,66,0.5,37,-0.2,0.2,1.93096046410094
"Willendorf7_01_01","Willendorf7",22,94,4.3,1492,69,214,697,2,3,38.5,40,56,59,1.5,7.2,32,15.2,68,0.5,50,-1.2,-0.3,1.95092691395481
"Willendorf7_01_02","Willendorf7",19,64,3.4,1008,76,156,646,3,3,27.4,42,37.6,58,1.4,9,47,10.6,55,0.8,61,0,-2.3,1.94017224638344
"Willendorf7_01_03","Willendorf7",4,33,8.2,122,71,73,167,2,2,12.5,37,20.7,62,1.7,1.9,47,2.9,73,0.7,35,-0.1,-0.2,1.91215737099998
"Willendorf7_01_04","Willendorf7",20,54,2.7,766,68,131,584,4,3,26.5,49,28.3,52,1.1,12.1,60,7.9,39,1.5,77,0.4,0.6,1.92670578172466
"Willendorf7_01_05","Willendorf7",21,86,4.1,1262,67,209,603,3,2,22.3,25,64.6,75,2.9,11.6,55,9.4,44,1.2,41,0.1,-5.6,1.94686427983783
"Willendorf7_01_06","Willendorf7",23,91,4,1600,66,220,727,4,4,54.7,60,36.6,40,0.7,20.1,87,3.6,15,5.5,74,1.3,2.1,1.98220206458299
"Willendorf7_01_07","Willendorf7",22,79,3.6,1198,63,190,630,4,2,20,25,59.5,75,3,14.3,65,7.8,35,1.8,38,0.1,-4.6,1.9587295233645
"Willendorf7_01_08","Willendorf7",4,27,6.8,95,72,61,155,4,2,10.2,37,17,62,1.7,3.5,88,1.3,32,2.7,38,0.3,-0.6,1.91014360337709
"Willendorf7_01_09","Willendorf7",17,39,2.3,494,66,100,494,2,2,15.6,39,24.2,62,1.6,7.2,42,10.6,62,0.7,65,-0.1,-1.2,2.03828995251567
"Willendorf7_01_10","Willendorf7",4,32,8,127,73,75,169,4,3,17.5,54,15.2,47,0.9,3.6,90,1.3,32,2.8,46,0.1,0,1.91639223668804
"Willendorf7_01_11","Willendorf7",13,35,2.7,317,64,87,364,2,3,19.2,54,16.3,46,0.8,3.6,27,9.7,74,0.4,73,-0.6,0.7,1.98624443123949
"Willendorf7_01_12","Willendorf7",35,45,1.3,986,60,135,730,3,2,13.1,29,32.3,71,2.5,19.7,56,15.4,43,1.3,76,0.8,-3.2,2.00688362019091
"Willendorf7_01_13","Willendorf7",10,31,3.1,244,71,76,321,4,3,13,42,18.9,60,1.4,6.7,66,3.8,38,1.7,65,0.3,-0.8,1.96234694176558
"Willendorf7_01_14","Willendorf7",8,29,3.6,174,62,71,245,1,1,3.5,12,26,89,7.3,0.6,7,7.8,97,0.1,38,-0.9,-1.7,1.94347604624106
"Willendorf7_01_15","Willendorf7",16,38,2.4,455,68,99,459,3,1,6.9,18,31.2,82,4.5,6.9,42,9.6,59,0.7,53,0.3,-2.6,2.02184512578031
"Willendorf7_01_16","Willendorf7",16,43,2.7,457,62,112,408,3,1,7.4,17,36,83,4.9,8.2,51,8.2,51,1,38,0.3,-4.2,2.01670954143907
"Willendorf7_01_17","Willendorf7",3,26,8.7,85,72,63,134,4,2,8,30,18.9,72,2.4,2.8,94,1.1,37,2.5,34,0.2,-0.4,1.89436630501423
"Willendorf8_01_01","Willendorf8",14,56,4,615,68,132,465,4,2,16.4,29,40.4,72,2.5,10.8,76,3.8,26,2.9,46,0.5,-1.7,1.98585521755471
"Willendorf8_01_02","Willendorf8",18,53,2.9,728,70,133,547,3,2,13.2,24,40.1,75,3,9.5,52,9.5,52,1,61,0.8,-1.6,1.9949387835801
"Willendorf8_01_03","Willendorf8",2,16,8,31,74,36,86,2,3,7.5,47,8.8,55,1.2,1.2,58,1.6,77,0.7,44,-0.4,-0.5,1.84637220979832
"Willendorf8_01_04","Willendorf8",18,64,3.6,790,63,157,503,3,2,20.4,31,44,68,2.2,10.5,58,8.1,44,1.3,34,0.5,-4.8,1.89193422217092
"Willendorf8_01_05","Willendorf8",8,33,4.1,222,68,79,281,2,2,9.7,29,23.6,71,2.4,2.5,30,6.5,81,0.4,49,-0.8,-1.4,1.89866603970344
"Willendorf8_01_06","Willendorf8",14,50,3.6,562,74,118,476,2,3,25.2,50,25.1,50,1,3,21,11.7,83,0.3,68,-1,0.1,1.97154244915205
"Willendorf8_01_07","Willendorf8",25,75,3,1328,67,183,725,3,2,18.6,24,57,76,3.1,15.2,60,10.5,42,1.4,50,1,-4.2,1.94248453746603
"Willendorf8_01_08","Willendorf8",16,52,3.2,582,65,126,461,4,2,19.6,37,33.1,63,1.7,11.3,70,4.9,30,2.3,55,0.9,-1.2,1.98931666322791
"Willendorf8_01_09","Willendorf8",13,53,4.1,522,72,131,398,2,3,23.6,44,30.3,57,1.3,4.8,36,8.8,67,0.5,43,-1,-3,1.95347900528384
"Willendorf8_01_10","Willendorf8",20,40,2,608,67,111,547,2,2,10.6,26,29.4,73,2.8,4.5,22,15.8,79,0.3,76,-1.7,-1.8,1.9245223324503
"Willendorf8_01_11","Willendorf8",14,44,3.1,525,70,113,464,4,4,26.9,61,17.8,40,0.7,9.5,67,5.1,36,1.9,75,0.8,-1.6,1.97248510760247
"Willendorf8_01_12","Willendorf8",11,63,5.7,565,74,143,395,3,3,38.1,60,25.6,40,0.7,5.5,49,6.1,55,0.9,55,-0.1,0.1,2.0045215581472
"Willendorf8_01_13","Willendorf8",26,37,1.4,575,59,114,504,4,1,6.8,18,30.6,82,4.5,19,72,7.1,27,2.7,51,2.6,-4.4,1.93976983805238
"Willendorf8_01_14","Willendorf8",18,51,2.8,655,65,130,503,5,2,20.3,39,31.4,61,1.6,16,88,2.6,14,6.2,55,1.6,-1.7,1.99890602005988
"Willendorf8_01_15","Willendorf8",14,54,3.9,624,69,129,483,3,3,23,42,31.9,59,1.4,7.4,52,7.1,51,1,58,0.3,-1.7,1.98436064142026
"Willendorf8_01_16","Willendorf8",14,54,3.9,546,67,126,433,3,3,30.6,56,23.4,43,0.8,7.3,51,7.4,52,1,66,0.1,0.1,1.97647882815136
"Willendorf8_01_17","Willendorf8",5,19,3.8,79,73,48,164,5,3,8.3,43,10.9,57,1.3,4.9,98,0.8,15,6.3,48,0.5,-1,1.96132364426001
"Willendorf8_01_18","Willendorf8",5,38,7.6,177,77,89,198,3,3,16.5,43,22.3,58,1.4,2.9,57,2.9,57,1,44,0,0.1,1.89316927779609
"Willendorf8_01_19","Willendorf8",7,24,3.4,117,66,59,198,2,3,13.2,55,11.2,46,0.8,1.8,25,5.2,74,0.4,68,-0.4,0.4,1.99995032969122
"Willendorf8_01_20","Willendorf8",5,19,3.8,80,70,47,170,4,3,8.3,43,10.8,56,1.3,4.5,90,1.3,25,3.5,55,0.3,-0.9,1.94331823929892
"Willendorf8_01_21","Willendorf8",12,34,2.8,328,70,85,385,3,3,16.9,49,17.9,52,1.1,5.5,45,7.5,62,0.7,72,-0.9,-0.5,1.9380355557447
"Willendorf8_01_22","Willendorf8",9,36,4,239,70,84,284,3,2,8.6,23,28.3,78,3.3,4.5,50,4.5,50,1,41,-0.1,-1.3,1.89729462683631
"Willendorf8_01_23","Willendorf8",5,37,7.4,183,82,90,203,5,2,10.9,29,26.1,70,2.4,4.8,96,0.9,18,5.3,40,-0.1,-0.5,1.90176154705226
"Willendorf8_01_24","Willendorf8",18,45,2.5,560,63,116,482,3,3,24,53,21.4,47,0.9,9.5,52,9.4,51,1,84,-0.1,1,1.99883355784859
"Willendorf8_01_25","Willendorf8",21,56,2.7,909,72,141,644,2,2,17.5,31,38.6,68,2.2,6.9,32,14.5,69,0.5,59,0,-2.9,2.02425761492796
"Willendorf8_01_26","Willendorf8",7,33,4.7,177,70,80,221,5,2,13,39,20.3,61,1.6,6.4,90,0.8,11,8.2,43,0.1,-0.6,1.86682718678862
"Willendorf8_01_27","Willendorf8",27,45,1.7,862,69,126,684,3,2,13.9,30,31.2,69,2.2,14.9,55,12.3,45,1.2,78,0.4,-2.5,1.96313309473039
"Willendorf9_01_01","Willendorf9",14,55,3.9,579,69,135,428,4,2,15.5,28,39.7,72,2.6,11,78,3.1,21,3.6,38,0.7,-3.3,1.99830041111658
"Willendorf9_01_02","Willendorf9",13,39,3,388,73,98,395,3,2,12.2,31,27,69,2.2,5.5,41,8.1,62,0.7,57,0.3,-1.8,1.98128293603686
"Willendorf9_01_03","Willendorf9",16,53,3.3,674,76,127,530,3,3,26.2,49,26.9,50,1,7.8,49,8.4,52,0.9,74,-0.3,-0.6,2.01270563167698
"Willendorf9_01_04","Willendorf9",8,25,3.1,133,60,61,218,3,4,19.7,78,5.5,21,0.3,4.2,52,3.9,48,1.1,90,0.5,0.5,2.03745568808985
"Willendorf9_01_05","Willendorf9",16,50,3.1,640,73,129,496,3,2,17.7,35,33.2,66,1.9,8.5,53,8.2,51,1,63,0.1,-1.6,2.0151128010422
"Willendorf9_01_06","Willendorf9",11,53,4.8,483,64,127,380,3,2,14.8,27,39,73,2.6,3.7,34,7.7,70,0.5,38,-0.1,-2.5,1.98271650559952
"Willendorf9_01_07","Willendorf9",16,35,2.2,395,65,90,438,3,3,18.5,52,17.2,49,0.9,7.7,48,8.8,54,0.9,71,-0.3,-1.2,2.00164946659372
"Willendorf9_01_08","Willendorf9",13,50,3.8,509,69,126,403,3,4,34.9,69,15.3,30,0.4,7.2,55,6.6,50,1.1,68,0.2,-0.3,1.98638633013257
"Willendorf9_01_09","Willendorf9",11,23,2.1,200,67,65,307,2,1,3.7,16,19.3,83,5.2,1.9,17,9.9,89,0.2,77,-0.9,-0.9,1.99572351028828
"Willendorf9_01_10","Willendorf9",4,23,5.8,75,75,55,136,3,2,8.8,38,15,65,1.7,2,51,2.2,53,0.9,32,-0.2,-0.8,2.0263297261887
"Willendorf9_01_11","Willendorf9",21,70,3.3,1147,69,174,659,4,2,23.1,32,47.4,67,2.1,15.7,74,5.5,25,2.9,51,1,-3.6,1.94683903247829
"Willendorf9_01_12","Willendorf9",6,47,7.8,230,70,104,221,3,2,18.5,39,28.9,61,1.6,3.6,60,2.7,45,1.3,32,-0.1,-0.3,1.9463177624221
"Willendorf9_01_13","Willendorf9",16,49,3.1,514,63,121,424,3,2,15.3,31,34.5,70,2.3,8.3,51,7.7,48,1.1,41,0.2,-3.1,2.0077221867298
"Willendorf9_01_14","Willendorf9",11,29,2.6,234,67,78,300,2,2,10.7,36,19.3,66,1.8,3.5,32,7.7,70,0.5,56,-0.8,-1.2,1.93590809884305
"Willendorf9_01_15","Willendorf9",11,30,2.7,235,67,75,313,3,3,14.3,47,15.9,53,1.1,6.1,55,5.1,46,1.2,60,0.5,-1.5,1.9362438048362
"Willendorf9_01_16","Willendorf9",15,60,4,672,72,140,480,3,3,33.1,55,27.4,45,0.8,7.2,47,8.3,55,0.9,60,-0.6,-0.1,1.88523213195172
"Willendorf9_01_17","Willendorf9",16,61,3.8,683,64,143,477,3,3,31.1,51,30,49,1,6.1,38,10.3,64,0.6,51,-0.6,-0.7,1.90525387988331
"Willendorf9_01_18","Willendorf9",9,39,4.3,268,67,91,294,3,4,27.3,69,12,30,0.4,5.1,56,4.8,53,1.1,58,-0.2,0,1.93245199383439
"Willendorf9_01_19","Willendorf9",7,22,3.1,131,81,56,233,3,3,10.1,45,11.9,54,1.2,3.5,50,4.4,63,0.8,62,-0.2,-0.9,2.00196813348484
"Willendorf9_01_20","Willendorf9",20,53,2.6,676,60,133,508,3,2,20,37,33.6,63,1.7,11.1,55,8.9,44,1.3,48,0.7,-3.1,2.03492726859288
"Willendorf9_01_21","Willendorf9",11,42,3.8,380,69,101,376,2,4,30.1,71,11.9,28,0.4,5,45,6.4,57,0.8,77,0.3,-1.1,1.9722373885306
"Willendorf9_01_22","Willendorf9",17,61,3.6,861,73,147,585,2,4,47.7,78,13.7,22,0.3,4.7,27,13.3,78,0.4,76,-0.9,-0.1,1.9139019985309
"Willendorf9_01_23","Willendorf9",9,36,4,268,69,89,301,4,3,16.8,46,19.3,53,1.1,7.5,83,2,22,3.7,66,0.2,-0.8,1.93354190067127
"Willendorf9_01_24","Willendorf9",17,60,3.5,759,70,147,516,1,3,30.7,51,29.5,49,1,3.3,19,14.4,84,0.2,62,-1.2,0,1.90289248719035
"Willendorf9_01_25","Willendorf9",8,30,3.8,191,68,73,261,4,3,13.2,43,17.6,58,1.3,6.1,76,2.3,28,2.7,59,0.2,-0.3,1.91340237118768
"Willendorf9_01_26","Willendorf9",12,37,3.1,356,73,91,391,3,4,22.5,60,14.7,39,0.7,6.6,54,6,50,1.1,67,0.1,-0.7,1.97230731595266
"Willendorf9_01_27","Willendorf9",2,16,8,32,58,36,88,3,3,6.9,43,9.1,56,1.3,1.6,79,1.4,68,1.2,28,-0.1,-1,1.90870808772812
"Willendorf9_01_28","Willendorf9",5,16,3.2,69,75,44,156,2,1,0.6,3,15.8,98,27.8,1.8,36,3.6,72,0.5,50,0,-0.9,1.95940350804424
"Willendorf9_01_29","Willendorf9",30,37,1.2,744,63,115,646,3,2,11.9,32,25.7,69,2.2,14.5,48,16,53,0.9,91,-1,-0.9,1.9610283145771
"Willendorf9_01_30","Willendorf9",11,45,4.1,391,75,108,362,4,2,15.7,34,29.7,65,1.9,6.8,61,4.4,40,1.5,49,0.2,-1.6,1.94829330201283
"Willendorf9_01_31","Willendorf9",23,30,1.3,464,65,98,473,1,2,10.2,34,20.6,68,2,3.2,13,19.9,86,0.2,70,-1.8,-2.6,1.91017573930209
"Willendorf9_01_32","Willendorf9",5,52,10.4,236,51,118,200,3,1,3.7,7,48.7,93,13,3.9,77,1.5,29,2.6,19,0.7,-1.4,1.97037154801612
"Willendorf9_01_33","Willendorf9",28,56,2,1096,65,150,730,3,3,24.9,44,32,57,1.3,13.9,49,14.9,53,0.9,60,0.2,-3.2,1.88540353057923
"Willendorf9_01_34","Willendorf9",14,54,3.9,563,67,128,439,4,3,23.3,43,30.8,57,1.3,10.1,72,4.7,33,2.2,51,0.5,-1.5,2.00394371623908
